etf_symbol,industry,weight_percent,sector,symbol,name
FSTA,Discount Stores,13.4,Consumer Defensive,WMT,Walmart Inc
FSTA,Discount Stores,11.3,Consumer Defensive,COST,Costco Wholesale Corp
FSTA,Beverages—Non-Alcoholic,8.5,Consumer Defensive,KO,Coca-Cola Co
FSTA,Household & Personal Products,8.4,Consumer Defensive,PG,Procter & Gamble Co
FSTA,Tobacco,4.5,Consumer Defensive,PM,Philip Morris International Inc
FSTA,Beverages—Non-Alcoholic,4.2,Consumer Defensive,PEP,PepsiCo Inc
FSTA,Tobacco,3.7,Consumer Defensive,MO,Altria Group Inc
FSTA,Confectioners,2.7,Consumer Defensive,MDLZ,Mondelez International Inc Class A
FSTA,Beverages—Non-Alcoholic,2.4,Consumer Defensive,MNST,Monster Beverage Corp
FSTA,Household & Personal Products,2.3,Consumer Defensive,CL,Colgate-Palmolive Co
IDHQ,Drug Manufacturers—General,4.8,Healthcare,RHHBY,Roche Holding AG Ordinary Shares new
IDHQ,Semiconductor Equipment & Materials,4.5,Technology,ASML,ASML Holding NV
IDHQ,Drug Manufacturers—General,4.3,Healthcare,NVS,Novartis AG Registered Shares
IDHQ,Packaged Foods,3.3,Consumer Defensive,1NESN.MI,Nestle SA
IDHQ,Software—Application,2.9,Technology,SAP,SAP SE
IDHQ,Aerospace & Defense,2.7,Industrials,RR.L,Rolls-Royce Holdings PLC
IDHQ,Insurance—Diversified,2.4,Financial Services,ALV.DE,Allianz SE
IDHQ,Internet Content & Information,2.4,Communication Services,6098.T,Recruit Holdings Co Ltd
IDHQ,Semiconductor Equipment & Materials,2.4,Technology,6857.T,Advantest Corp
IDHQ,Electrical Equipment & Parts,2.4,Industrials,ABBNY,ABB Ltd
VYM,Semiconductors,7.3,Technology,AVGO,Broadcom Inc
VYM,Banks—Diversified,3.8,Financial Services,JPM,JPMorgan Chase & Co
VYM,Oil & Gas Integrated,2.6,Energy,XOM,ExxonMobil Holdings Corp
VYM,Drug Manufacturers—General,2.5,Healthcare,JNJ,Johnson & Johnson
VYM,Communication Equipment,1.9,Technology,CSCO,Cisco Systems Inc
VYM,Drug Manufacturers—General,1.8,Healthcare,ABBV,AbbVie Inc
VYM,Banks—Diversified,1.7,Financial Services,BAC,Bank of America Corp
VYM,Healthcare Plans,1.5,Healthcare,UNH,UnitedHealth Group Inc
VYM,Farm & Heavy Construction Machinery,1.5,Industrials,CAT,Caterpillar Inc
VYM,Oil & Gas Integrated,1.5,Energy,CVX,Chevron Corp
