symbol,total_quantity,avg_price_paid,current_price,accounts,total_value
XLK,410,50.3926,187.87,"['RAM BRKG -3543', 'RAM ROTH -2359']",77026.7
QQQ,85,341.28835,718.36,"['SFM ROLL -8322', 'RAM ROTH -2359']",61060.6
VYM,360,123.61223333333334,163.52,"['SFM ROTH -2236', 'SFM ROLL -8322', 'RAM ROTH -2359']",58867.200000000004
LVHI,1150,42.798633333333335,42.449999999999996,"['SFM ROTH -2236', 'SFM ROLL -8322', 'RAM ROTH -2359']",48817.49999999999
GLD,105,358.62064,399.71999999999997,"['SFM ROLL -8322', 'RAM ROTH -2359', 'RAM ROLL -1969', 'RAM BRKG -3543', 'SFM ROTH -2236']",41970.6
IVW,250,83.56545,139.82,"['SFM ROLL -8322', 'RAM ROTH -2359']",34955.0
IDHQ,700,45.25185,44.78,"['SFM ROLL -8322', 'RAM ROTH -2359']",31346.0
FSTA,369,53.2459,52.83,"['SFM ROTH -2236', 'SFM ROLL -8322', 'RAM ROLL -1969', 'RAM ROTH -2359']",19494.27
JNJ,50,162.0,275.23,['SFM ROLL -8322'],13761.5
SPY,17,471.2206,770.19,['SFM ROTH -2236'],13093.230000000001
SLV,85,53.1956,59.82,"['SFM ROTH -2236', 'SFM ROLL -8322']",5084.7
WMT,40,104.338,106.05,"['SFM ROLL -8322', 'RAM ROTH -2359']",4242.0
RYCEY,144,11.68845,19.97,"['SFM ROLL -8322', 'RAM ROTH -2359']",2875.68
HODL,10,22.185,22.18,['RAM ROTH -2359'],221.8
